-- MySQL dump 10.13  Distrib 5.5.32, for debian-linux-gnu (x86_64)
--
-- Host: localhost    Database: noteblog
-- ------------------------------------------------------
-- Server version	5.5.32-0ubuntu0.12.04.1

/*!40101 SET @OLD_CHARACTER_SET_CLIENT=@@CHARACTER_SET_CLIENT */;
/*!40101 SET @OLD_CHARACTER_SET_RESULTS=@@CHARACTER_SET_RESULTS */;
/*!40101 SET @OLD_COLLATION_CONNECTION=@@COLLATION_CONNECTION */;
/*!40101 SET NAMES utf8 */;
/*!40103 SET @OLD_TIME_ZONE=@@TIME_ZONE */;
/*!40103 SET TIME_ZONE='+00:00' */;
/*!40014 SET @OLD_UNIQUE_CHECKS=@@UNIQUE_CHECKS, UNIQUE_CHECKS=0 */;
/*!40014 SET @OLD_FOREIGN_KEY_CHECKS=@@FOREIGN_KEY_CHECKS, FOREIGN_KEY_CHECKS=0 */;
/*!40101 SET @OLD_SQL_MODE=@@SQL_MODE, SQL_MODE='NO_AUTO_VALUE_ON_ZERO' */;
/*!40111 SET @OLD_SQL_NOTES=@@SQL_NOTES, SQL_NOTES=0 */;

--
-- Table structure for table `attaches`
--

DROP TABLE IF EXISTS `attaches`;
/*!40101 SET @saved_cs_client     = @@character_set_client */;
/*!40101 SET character_set_client = utf8 */;
CREATE TABLE `attaches` (
  `attach_id` int(11) NOT NULL AUTO_INCREMENT,
  `user_id` int(11) NOT NULL,
  `attach_name` varchar(75) COLLATE utf8_persian_ci NOT NULL,
  `attach_body` text COLLATE utf8_persian_ci NOT NULL,
  `parent_id` int(11) NOT NULL,
  `is_shared` tinyint(1) NOT NULL DEFAULT '0',
  `is_trashed` tinyint(1) NOT NULL DEFAULT '0',
  `is_archived` tinyint(1) NOT NULL DEFAULT '0',
  `is_starred` tinyint(1) NOT NULL DEFAULT '0',
  `last_viewed_at` datetime NOT NULL,
  `created_at` datetime NOT NULL,
  `updated_at` datetime NOT NULL,
  PRIMARY KEY (`attach_id`),
  KEY `parent_id` (`parent_id`),
  KEY `user_id` (`user_id`),
  KEY `link_name` (`attach_name`),
  CONSTRAINT `attaches_ibfk_1` FOREIGN KEY (`user_id`) REFERENCES `users` (`user_id`) ON DELETE CASCADE ON UPDATE CASCADE,
  CONSTRAINT `attaches_ibfk_3` FOREIGN KEY (`parent_id`) REFERENCES `folders` (`folder_id`) ON DELETE CASCADE ON UPDATE CASCADE
) ENGINE=InnoDB AUTO_INCREMENT=114 DEFAULT CHARSET=utf8 COLLATE=utf8_persian_ci;
/*!40101 SET character_set_client = @saved_cs_client */;

--
-- Dumping data for table `attaches`
--

LOCK TABLES `attaches` WRITE;
/*!40000 ALTER TABLE `attaches` DISABLE KEYS */;
INSERT INTO `attaches` VALUES (112,15,'Love HER','/access/uploads/2013/08/2/jpg/e1c6d1fca4b07c0d2f946db8c5a358ce.jpg',-1,0,0,0,0,'2013-08-20 00:04:23','2013-08-14 02:55:34','2013-08-20 00:04:45'),(113,15,'6-Bayesian-1.pdf','/access/uploads/2013/08/2/pdf/d198f0e3d7c2e7ac432d178cd7a6812d.pdf',51,0,0,0,0,'2013-08-20 00:04:17','2013-08-15 04:22:33','2013-08-20 00:21:28');
/*!40000 ALTER TABLE `attaches` ENABLE KEYS */;
UNLOCK TABLES;

--
-- Table structure for table `blogs`
--

DROP TABLE IF EXISTS `blogs`;
/*!40101 SET @saved_cs_client     = @@character_set_client */;
/*!40101 SET character_set_client = utf8 */;
CREATE TABLE `blogs` (
  `user_id` int(11) NOT NULL,
  `blog_name` varchar(50) COLLATE utf8_persian_ci NOT NULL,
  `created_at` datetime NOT NULL,
  `updated_at` datetime NOT NULL,
  UNIQUE KEY `blog_id` (`user_id`,`blog_name`),
  CONSTRAINT `blogs_ibfk_1` FOREIGN KEY (`user_id`) REFERENCES `users` (`user_id`) ON DELETE CASCADE ON UPDATE CASCADE
) ENGINE=InnoDB DEFAULT CHARSET=utf8 COLLATE=utf8_persian_ci;
/*!40101 SET character_set_client = @saved_cs_client */;

--
-- Dumping data for table `blogs`
--

LOCK TABLES `blogs` WRITE;
/*!40000 ALTER TABLE `blogs` DISABLE KEYS */;
INSERT INTO `blogs` VALUES (15,'dariush_blog_foo','2013-08-16 05:18:21','2013-08-16 05:18:33');
/*!40000 ALTER TABLE `blogs` ENABLE KEYS */;
UNLOCK TABLES;

--
-- Table structure for table `bookmarks`
--

DROP TABLE IF EXISTS `bookmarks`;
/*!40101 SET @saved_cs_client     = @@character_set_client */;
/*!40101 SET character_set_client = utf8 */;
CREATE TABLE `bookmarks` (
  `bookmark_id` int(11) NOT NULL AUTO_INCREMENT,
  `user_id` int(11) NOT NULL,
  `bookmark_name` varchar(75) COLLATE utf8_persian_ci NOT NULL,
  `bookmark_body` text COLLATE utf8_persian_ci NOT NULL,
  `parent_id` int(11) NOT NULL,
  `is_shared` tinyint(1) NOT NULL DEFAULT '0',
  `is_trashed` tinyint(1) NOT NULL DEFAULT '0',
  `is_archived` tinyint(1) NOT NULL DEFAULT '0',
  `is_starred` tinyint(1) NOT NULL DEFAULT '0',
  `last_viewed_at` datetime NOT NULL,
  `created_at` datetime NOT NULL,
  `updated_at` datetime NOT NULL,
  PRIMARY KEY (`bookmark_id`),
  KEY `parent_id` (`parent_id`),
  KEY `user_id` (`user_id`),
  KEY `link_name` (`bookmark_name`),
  CONSTRAINT `bookmarks_ibfk_1` FOREIGN KEY (`user_id`) REFERENCES `users` (`user_id`) ON DELETE CASCADE ON UPDATE CASCADE,
  CONSTRAINT `bookmarks_ibfk_3` FOREIGN KEY (`parent_id`) REFERENCES `folders` (`folder_id`) ON DELETE CASCADE ON UPDATE CASCADE
) ENGINE=InnoDB AUTO_INCREMENT=55 DEFAULT CHARSET=utf8 COLLATE=utf8_persian_ci;
/*!40101 SET character_set_client = @saved_cs_client */;

--
-- Dumping data for table `bookmarks`
--

LOCK TABLES `bookmarks` WRITE;
/*!40000 ALTER TABLE `bookmarks` DISABLE KEYS */;
INSERT INTO `bookmarks` VALUES (53,15,'ksnak','http://google.com',-1,0,0,0,0,'2013-08-14 02:14:59','2013-08-11 10:40:46','2013-08-20 00:21:16'),(54,15,'title','http://noteblog.local/directory/56.folders',-1,0,0,0,0,'0000-00-00 00:00:00','2013-08-19 23:36:58','2013-08-20 00:04:36');
/*!40000 ALTER TABLE `bookmarks` ENABLE KEYS */;
UNLOCK TABLES;

--
-- Table structure for table `folders`
--

DROP TABLE IF EXISTS `folders`;
/*!40101 SET @saved_cs_client     = @@character_set_client */;
/*!40101 SET character_set_client = utf8 */;
CREATE TABLE `folders` (
  `folder_id` int(11) NOT NULL AUTO_INCREMENT,
  `user_id` int(11) NOT NULL,
  `folder_name` varchar(75) COLLATE utf8_persian_ci NOT NULL,
  `parent_id` int(11) NOT NULL,
  `is_shared` tinyint(1) NOT NULL DEFAULT '0',
  `is_trashed` tinyint(1) NOT NULL DEFAULT '0',
  `is_archived` tinyint(1) NOT NULL DEFAULT '0',
  `is_starred` tinyint(1) NOT NULL DEFAULT '0',
  `last_viewed_at` datetime NOT NULL,
  `created_at` datetime NOT NULL,
  `updated_at` datetime NOT NULL,
  PRIMARY KEY (`folder_id`),
  KEY `parent_id` (`parent_id`),
  KEY `user_id` (`user_id`),
  KEY `folder_name` (`folder_name`),
  CONSTRAINT `folders_ibfk_1` FOREIGN KEY (`user_id`) REFERENCES `users` (`user_id`) ON DELETE CASCADE ON UPDATE CASCADE,
  CONSTRAINT `folders_ibfk_2` FOREIGN KEY (`parent_id`) REFERENCES `folders` (`folder_id`) ON DELETE CASCADE ON UPDATE CASCADE
) ENGINE=InnoDB AUTO_INCREMENT=70 DEFAULT CHARSET=utf8 COLLATE=utf8_persian_ci;
/*!40101 SET character_set_client = @saved_cs_client */;

--
-- Dumping data for table `folders`
--

LOCK TABLES `folders` WRITE;
/*!40000 ALTER TABLE `folders` DISABLE KEYS */;
INSERT INTO `folders` VALUES (-1,-1,'ROOT',-1,0,0,-1,0,'2013-08-09 19:21:42','0000-00-00 00:00:00','0000-00-00 00:00:00'),(51,15,'sksasaAAaA',-1,1,0,0,0,'2013-08-20 00:28:07','2013-08-11 04:23:38','2013-08-20 00:34:40'),(52,15,'sm;lsa',51,1,0,0,0,'2013-08-19 23:54:37','2013-08-11 12:27:55','2013-08-19 23:54:37'),(56,15,'skanslka',68,1,0,0,0,'2013-08-20 00:11:08','2013-08-14 02:33:08','2013-08-20 00:11:08'),(57,15,'kash-ka BH',-1,1,0,0,0,'2013-08-20 00:28:00','2013-08-14 02:34:04','2013-08-20 00:28:00'),(58,15,'foo',51,1,0,1,0,'2013-08-16 08:27:01','2013-08-15 03:29:59','2013-08-20 00:28:38'),(59,15,'dkasn',65,1,0,0,0,'2013-08-20 00:28:19','2013-08-18 13:32:36','2013-08-20 00:28:19'),(60,15,'kskjankas',52,0,0,0,0,'2013-08-19 23:54:38','2013-08-19 15:56:46','2013-08-19 23:54:38'),(65,15,'smalsa',51,0,0,0,0,'2013-08-20 00:28:08','2013-08-19 16:23:16','2013-08-20 00:28:17'),(66,15,'new name',51,0,0,0,0,'2013-08-20 00:34:41','2013-08-19 16:24:58','2013-08-20 00:34:41'),(67,15,'sklasa',59,0,0,1,0,'2013-08-20 00:28:12','2013-08-19 16:35:39','2013-08-20 00:28:17'),(68,15,'create folder_2',66,0,0,0,0,'2013-08-20 00:34:33','2013-08-19 23:21:50','2013-08-20 00:34:40'),(69,15,'foo',-1,0,0,0,0,'0000-00-00 00:00:00','2013-11-19 12:20:03','2013-11-19 12:20:03');
/*!40000 ALTER TABLE `folders` ENABLE KEYS */;
UNLOCK TABLES;

--
-- Table structure for table `notes`
--

DROP TABLE IF EXISTS `notes`;
/*!40101 SET @saved_cs_client     = @@character_set_client */;
/*!40101 SET character_set_client = utf8 */;
CREATE TABLE `notes` (
  `note_id` int(11) NOT NULL AUTO_INCREMENT,
  `user_id` int(11) NOT NULL,
  `note_name` varchar(150) COLLATE utf8_persian_ci NOT NULL,
  `note_body` text COLLATE utf8_persian_ci NOT NULL,
  `parent_id` int(11) NOT NULL,
  `is_shared` tinyint(1) NOT NULL DEFAULT '0',
  `is_trashed` tinyint(1) NOT NULL DEFAULT '0',
  `is_archived` tinyint(1) NOT NULL DEFAULT '0',
  `is_starred` tinyint(1) NOT NULL DEFAULT '0',
  `last_viewed_at` datetime NOT NULL,
  `created_at` datetime NOT NULL,
  `updated_at` datetime NOT NULL,
  PRIMARY KEY (`note_id`),
  KEY `parent_id` (`parent_id`),
  KEY `user_id` (`user_id`),
  KEY `note_name` (`note_name`),
  CONSTRAINT `notes_ibfk_1` FOREIGN KEY (`user_id`) REFERENCES `users` (`user_id`) ON DELETE CASCADE ON UPDATE CASCADE,
  CONSTRAINT `notes_ibfk_2` FOREIGN KEY (`parent_id`) REFERENCES `folders` (`folder_id`) ON DELETE CASCADE ON UPDATE CASCADE
) ENGINE=InnoDB AUTO_INCREMENT=66 DEFAULT CHARSET=utf8 COLLATE=utf8_persian_ci;
/*!40101 SET character_set_client = @saved_cs_client */;

--
-- Dumping data for table `notes`
--

LOCK TABLES `notes` WRITE;
/*!40000 ALTER TABLE `notes` DISABLE KEYS */;
INSERT INTO `notes` VALUES (53,15,'I need to take studing seriously!','damn i am right!<br>',-1,0,0,1,0,'2013-08-10 09:06:53','2013-08-10 08:28:38','2013-08-20 00:34:04'),(54,15,'.smsa','<span style=\"color: rgb(0, 0, 0); font-family: \'Times New Roman\'; font-size: medium; font-style: normal; font-variant: normal; font-weight: normal; letter-spacing: normal; line-height: normal; orphans: auto; text-align: start; text-indent: 0px; text-transform: none; white-space: normal; widows: auto; word-spacing: 0px; -webkit-text-stroke-width: 0px; display: inline !important; float: none;\">Referenced variables in<span class=\"Apple-converted-space\"> </span></span><i style=\"color: rgb(0, 0, 0); font-family: \'Times New Roman\'; font-size: medium; font-variant: normal; font-weight: normal; letter-spacing: normal; line-height: normal; orphans: auto; text-align: start; text-indent: 0px; text-transform: none; white-space: normal; widows: auto; word-spacing: 0px; -webkit-text-stroke-width: 0px;\"><tt class=\"parameter\">param_arr</tt></i><span style=\"color: rgb(0, 0, 0); font-family: \'Times New Roman\'; font-size: medium; font-style: normal; font-variant: normal; font-weight: normal; letter-spacing: normal; line-height: normal; orphans: auto; text-align: start; text-indent: 0px; text-transform: none; white-space: normal; widows: auto; word-spacing: 0px; -webkit-text-stroke-width: 0px; display: inline !important; float: none;\"><span class=\"Apple-converted-space\"> </span>are passed to the function by reference, regardless of whether the function expects the respective parameter to be passed by reference. This form of call-time pass by reference does not emit a deprecation notice, but it is nonetheless deprecated, and will most likely be removed in the next version of PHP. Furthermore, this does not apply to internal functions, for which the function signature is honored. Passing by value when the function expects a parameter by reference results in a warning and having<span class=\"Apple-converted-space\"> </span></span><span class=\"function\" style=\"color: rgb(0, 0, 0); font-family: \'Times New Roman\'; font-size: medium; font-style: normal; font-variant: normal; font-weight: normal; letter-spacing: normal; line-height: normal; orphans: auto; text-align: start; text-indent: 0px; text-transform: none; white-space: normal; widows: auto; word-spacing: 0px; -webkit-text-stroke-width: 0px;\"><a href=\"function.call-user-func.html\" class=\"function\">call_user_func()</a></span><span style=\"color: rgb(0, 0, 0); font-family: \'Times New Roman\'; font-size: medium; font-style: normal; font-variant: normal; font-weight: normal; letter-spacing: normal; line-height: normal; orphans: auto; text-align: start; text-indent: 0px; text-transform: none; white-space: normal; widows: auto; word-spacing: 0px; -webkit-text-stroke-width: 0px; display: inline !important; float: none;\">return<span class=\"Apple-converted-space\"> </span></span><b style=\"color: rgb(0, 0, 0); font-family: \'Times New Roman\'; font-size: medium; font-style: normal; font-variant: normal; letter-spacing: normal; line-height: normal; orphans: auto; text-align: start; text-indent: 0px; text-transform: none; white-space: normal; widows: auto; word-spacing: 0px; -webkit-text-stroke-width: 0px;\"><tt>FALSE</tt></b><span style=\"color: rgb(0, 0, 0); font-family: \'Times New Roman\'; font-size: medium; font-style: normal; font-variant: normal; font-weight: normal; letter-spacing: normal; line-height: normal; orphans: auto; text-align: start; text-indent: 0px; text-transform: none; white-space: normal; widows: auto; word-spacing: 0px; -webkit-text-stroke-width: 0px; display: inline !important; float: none;\"><span class=\"Apple-converted-space\"> </span>(does not apply if the passed value has a reference count = 1).</span>\r\n                            ',-1,1,0,1,0,'2013-08-14 05:02:15','2013-08-11 04:51:44','2013-08-20 00:34:04'),(55,15,'lsm;\'sma','',-1,1,0,1,0,'2013-08-11 04:51:55','2013-08-11 04:51:55','2013-08-20 00:34:04'),(56,15,'ksmnkalmsa','',52,1,0,1,0,'2013-08-11 12:28:04','2013-08-11 12:28:03','2013-08-16 09:07:07'),(57,15,'Note','knaksa\r\n                            ',51,1,0,1,0,'0000-00-00 00:00:00','2013-08-14 02:10:04','2013-08-16 09:07:07'),(58,15,';lsmal;','klnslkan\r\n                            ',51,0,0,1,0,'2013-08-15 03:30:46','2013-08-14 02:10:54','2013-08-20 00:34:04'),(59,15,'lsa;lm','kmlsakmasl\r\n                            ',51,1,0,1,0,'0000-00-00 00:00:00','2013-08-14 02:13:45','2013-08-16 09:07:07'),(61,15,'lksalk','lknlknsa\r\n                            ',52,1,0,1,0,'0000-00-00 00:00:00','2013-08-14 02:17:04','2013-08-16 09:07:07'),(62,15,'ksmnakl','klnalksna\r\n                            ',52,1,0,1,0,'0000-00-00 00:00:00','2013-08-14 02:18:47','2013-08-16 09:07:07'),(63,15,'slaml;asm','xlamla;m\r\n                            ',51,1,0,1,0,'0000-00-00 00:00:00','2013-08-14 02:19:55','2013-08-16 09:07:07'),(64,15,'slkanlkan','\r\n                \r\n                \r\n                lknsaklnsa <b>salsam            </b>            ',-1,0,0,0,0,'2013-08-20 00:20:17','2013-08-20 00:15:04','2013-08-20 00:20:30'),(65,15,'slkmaslskma','\r\n                knl<i><b>knax\r\n                                        </b></i>',57,0,0,0,0,'2013-08-20 00:20:50','2013-08-20 00:20:41','2013-08-20 00:21:01');
/*!40000 ALTER TABLE `notes` ENABLE KEYS */;
UNLOCK TABLES;

--
-- Table structure for table `settings`
--

DROP TABLE IF EXISTS `settings`;
/*!40101 SET @saved_cs_client     = @@character_set_client */;
/*!40101 SET character_set_client = utf8 */;
CREATE TABLE `settings` (
  `user_id` int(11) NOT NULL,
  `settings` text COLLATE utf8_persian_ci NOT NULL,
  `created_at` datetime NOT NULL,
  `updated_at` datetime NOT NULL,
  UNIQUE KEY `user_id` (`user_id`),
  CONSTRAINT `settings_ibfk_1` FOREIGN KEY (`user_id`) REFERENCES `users` (`user_id`) ON DELETE CASCADE ON UPDATE CASCADE
) ENGINE=InnoDB DEFAULT CHARSET=utf8 COLLATE=utf8_persian_ci;
/*!40101 SET character_set_client = @saved_cs_client */;

--
-- Dumping data for table `settings`
--

LOCK TABLES `settings` WRITE;
/*!40000 ALTER TABLE `settings` DISABLE KEYS */;
INSERT INTO `settings` VALUES (15,'O:8:\"stdClass\":1:{s:14:\"has_blog_named\";i:1;}','0000-00-00 00:00:00','2013-11-19 12:20:03');
/*!40000 ALTER TABLE `settings` ENABLE KEYS */;
UNLOCK TABLES;

--
-- Table structure for table `userprofiles`
--

DROP TABLE IF EXISTS `userprofiles`;
/*!40101 SET @saved_cs_client     = @@character_set_client */;
/*!40101 SET character_set_client = utf8 */;
CREATE TABLE `userprofiles` (
  `userprofile_id` int(11) NOT NULL AUTO_INCREMENT,
  `user_id` int(10) NOT NULL,
  `first_name` varchar(70) COLLATE utf8_persian_ci NOT NULL,
  `last_name` varchar(70) COLLATE utf8_persian_ci NOT NULL,
  `user_bio` varchar(400) COLLATE utf8_persian_ci DEFAULT NULL,
  `nick_name` varchar(255) COLLATE utf8_persian_ci DEFAULT NULL,
  `birth_year` year(4) DEFAULT NULL,
  `birth_month` int(11) DEFAULT NULL,
  `birth_day` int(11) DEFAULT NULL,
  `is_male` tinyint(1) DEFAULT NULL,
  `intro` varchar(400) COLLATE utf8_persian_ci DEFAULT NULL,
  `occu` varchar(200) COLLATE utf8_persian_ci DEFAULT NULL,
  `edu` varchar(100) COLLATE utf8_persian_ci DEFAULT NULL,
  `country` varchar(50) COLLATE utf8_persian_ci DEFAULT NULL,
  `city` varchar(100) COLLATE utf8_persian_ci DEFAULT NULL,
  `public_email` varchar(200) COLLATE utf8_persian_ci DEFAULT NULL,
  `phone` varchar(20) COLLATE utf8_persian_ci DEFAULT NULL,
  `site` varchar(50) COLLATE utf8_persian_ci DEFAULT NULL,
  `created_at` datetime DEFAULT NULL,
  `updated_at` datetime DEFAULT NULL,
  PRIMARY KEY (`userprofile_id`),
  UNIQUE KEY `user_id_unique` (`user_id`),
  UNIQUE KEY `public_email` (`public_email`),
  UNIQUE KEY `phone` (`phone`),
  CONSTRAINT `userprofiles_ibfk_1` FOREIGN KEY (`user_id`) REFERENCES `users` (`user_id`) ON DELETE CASCADE ON UPDATE CASCADE
) ENGINE=InnoDB AUTO_INCREMENT=28 DEFAULT CHARSET=utf8 COLLATE=utf8_persian_ci;
/*!40101 SET character_set_client = @saved_cs_client */;

--
-- Dumping data for table `userprofiles`
--

LOCK TABLES `userprofiles` WRITE;
/*!40000 ALTER TABLE `userprofiles` DISABLE KEYS */;
INSERT INTO `userprofiles` VALUES (27,15,'Dariush','Hasanpoor',NULL,'BadGuy',1991,10,5,1,NULL,NULL,NULL,NULL,NULL,NULL,NULL,NULL,'2013-08-10 21:22:47','2013-08-10 21:22:47');
/*!40000 ALTER TABLE `userprofiles` ENABLE KEYS */;
UNLOCK TABLES;

--
-- Table structure for table `users`
--

DROP TABLE IF EXISTS `users`;
/*!40101 SET @saved_cs_client     = @@character_set_client */;
/*!40101 SET character_set_client = utf8 */;
CREATE TABLE `users` (
  `user_id` int(11) NOT NULL AUTO_INCREMENT,
  `email` varchar(100) NOT NULL,
  `password` varchar(100) NOT NULL,
  `created_at` datetime DEFAULT NULL,
  `updated_at` datetime DEFAULT NULL,
  PRIMARY KEY (`user_id`),
  UNIQUE KEY `email_unique` (`email`)
) ENGINE=InnoDB AUTO_INCREMENT=16 DEFAULT CHARSET=latin1;
/*!40101 SET character_set_client = @saved_cs_client */;

--
-- Dumping data for table `users`
--

LOCK TABLES `users` WRITE;
/*!40000 ALTER TABLE `users` DISABLE KEYS */;
INSERT INTO `users` VALUES (-1,'ROOT','ROOT','2013-08-06 00:00:00','2013-08-06 00:00:00'),(15,'b.g.dariush@gmail.com','b434c1d19a918774224a2957a884bfd3','2013-05-29 01:03:40','2013-08-17 21:57:55');
/*!40000 ALTER TABLE `users` ENABLE KEYS */;
UNLOCK TABLES;
/*!40103 SET TIME_ZONE=@OLD_TIME_ZONE */;

/*!40101 SET SQL_MODE=@OLD_SQL_MODE */;
/*!40014 SET FOREIGN_KEY_CHECKS=@OLD_FOREIGN_KEY_CHECKS */;
/*!40014 SET UNIQUE_CHECKS=@OLD_UNIQUE_CHECKS */;
/*!40101 SET CHARACTER_SET_CLIENT=@OLD_CHARACTER_SET_CLIENT */;
/*!40101 SET CHARACTER_SET_RESULTS=@OLD_CHARACTER_SET_RESULTS */;
/*!40101 SET COLLATION_CONNECTION=@OLD_COLLATION_CONNECTION */;
/*!40111 SET SQL_NOTES=@OLD_SQL_NOTES */;

-- Dump completed on 2013-11-19 12:27:10
